nombre,ap_paterno,ap_materno,email,contra
'Jessalyn','Trood','Petit','petit0@blogtalkradio.com','AILPsmLGgYtq'
'Angelico','Connal','Bairnsfather','bairnsfather1@wix.com','BzlqyKR'
'Hollie','Dedam','Pannett','pannett2@paginegialle.it','t1Jahj9rB'
'Ade','Bunyard','Veare','veare3@jimdo.com','EcAXKvlM'
'Justen','Ide','Mickleborough','mickleborough4@sciencedaily.com','BerczJM1M5e'
'Preston','Paterno','Battram','battram5@wisc.edu','VMdyOdPvh'
'Carlina','Copland','Cogar','cogar6@xing.com','ojJsJzNHlEF'
'Akim','Denyukin','McClenaghan','mcclenaghan7@twitpic.com','jyXzOi9AE'
'Sioux','Sergeant','Mussettini','mussettini8@symantec.com','x0kFpYlT8u'
'Kathe','Acland','Jurek','jurek9@jiathis.com','JPspjetMTufa'
'Meara','Jowett','Novis','novisa@purevolume.com','wCJxG21N7'
'Stephan','Hayball','Reynolds','reynoldsb@independent.co.uk','VeVoR5'
'Uri','MacDiarmond','Sage','sagec@google.nl','QqqHpsNoi'
'Elysee','Ogelsby','Sugarman','sugarmand@marriott.com','qvYE2U'
'Trefor','Guice','Maypother','maypothere@cbsnews.com','5VZt0sTcr'
'Carmen','Carle','Crosfeld','crosfeldf@printfriendly.com','eNgODjTNLfo'
'Vernor','Hatherall','Aidler','aidlerg@cpanel.net','Txb51B'
'Gabbie','Loxly','Cornthwaite','cornthwaiteh@paginegialle.it','HV72DYpzi'
'Bailie','Scotchford','Janson','jansoni@bravesites.com','ObTyqnbF'
'Nickola','Wellstead','O''Lennane','olennanej@tripod.com','OZRwKUys'
'Nikoletta','Yakob','Degoe','degoek@pen.io','vjE7rx3'
'Fanny','Tranter','Winterbotham','winterbothaml@bloglines.com','XuT689L6j'
'Russ','Hodinton','Leith-Harvey','leithharveym@nps.gov','jcPJX8n1nE'
'Dur','Haswall','Skyner','skynern@tmall.com','Nq2zDYe2x'
'Rayna','Standbridge','Bradford','bradfordo@chicagotribune.com','u9O6E3jrU'
'Julienne','Kayes','Mugridge','mugridgep@blogtalkradio.com','Em6XhCQ0W'
'Shelbi','Mathwen','Goullee','goulleeq@senate.gov','EJ5zTr'
'Dennet','Huffa','Jobes','jobesr@narod.ru','tY2eNcgJear'
'Derick','Harridge','Bereford','berefords@discovery.com','uRe9l6'
'Dacey','Ingles','Eathorne','eathornet@senate.gov','3fdaproKxmM'
'Annmaria','Plet','Randales','randalesu@booking.com','YjKRxRcbOYxw'
'Maurizia','Lockyear','Ineson','inesonv@wordpress.org','ADuFyuv6VGu'
'Avrit','Peevor','Dalling','dallingw@smh.com.au','L4hIqUAxMah0'
'Bonni','Errichiello','Mogie','mogiex@va.gov','ZTVf2URWi1'
'Kellen','Baistow','Paradise','paradisey@alibaba.com','k532EA'
'Hunfredo','Crooke','Surcomb','surcombz@slashdot.org','eJKQeuPb'
'Bentley','Witherdon','Giral','giral10@dagondesign.com','KZ1wP9Kp'
'Leanor','Riddett','Aitchinson','aitchinson11@tiny.cc','s787jqxgIB'
'Herculie','Gillbe','Joincey','joincey12@theglobeandmail.com','xPlwpxW1l'
'Kally','Gouldsmith','Benettolo','benettolo13@mlb.com','qNnzXQKPoBM'
'Rock','Gatenby','Lawrie','lawrie14@loc.gov','h4YpYF9NI3o'
'Toiboid','Van den Velde','Oloman','oloman15@hibu.com','vM1wz6rQ'
'Jill','Dumphries','Goshawk','goshawk16@comcast.net','dusG6AH3P'
'Lucille','Gawith','Bowcock','bowcock17@imgur.com','W5xYgqGOU'
'Merola','Cordero','Christie','christie18@pagesperso-orange.fr','uSIZgyl7'
'Bab','Cassel','Cupper','cupper19@bing.com','qZno4Nz'
'Iormina','Ringsell','Benninger','benninger1a@skyrock.com','lHKhbc'
'Erick','Patron','Middis','middis1b@bluehost.com','ON5xPucTG'
'Freeland','Blancowe','Wingate','wingate1c@123-reg.co.uk','LjJXjzD9TaY1'
'Morlee','Branch','Ansty','ansty1d@is.gd','aZaEN5K'
